training_time,performance
216.0205482125347,0.7645135193007792
299.2172936504577,0.9512960693664101
271.65419293191155,0.9282977898898029
140.80138199703694,0.46296197796985394
246.04397252878488,0.7838427925196597
279.93523741294234,0.9237741283107571
251.86534183189445,0.8768217860120078
247.76143008476856,0.8839965467964038
151.00944725760888,0.4778154322907414
240.72398744069636,0.8385988154140146
157.19212660563443,0.5306833646792763
176.79042271168282,0.6145147531319948
293.98140144725744,0.994467383578675
252.18502106669573,0.8617029446114519
237.2275935925937,0.7912862569536164
156.93268316588845,0.5167393031453162
204.42839432472363,0.7419370910683024
243.71802318102812,0.8102415071787904
107.942989291768,0.4090994547637425
191.43841399379133,0.6759064214477769
160.45179025694713,0.5708737057467725
131.5123390374844,0.5077011444987466
122.0829856647018,0.41831526981095324
214.77551850002226,0.6612615455523514
286.9325442500526,0.9960662047691444
160.9506910807321,0.5024984311621905
93.68108951049173,0.39356474103952965
134.56915153072708,0.47870400344098535
108.15398013818923,0.40199104841138183
309.2007333073549,0.996649520927261
258.21744884937027,0.8106147438309899
142.91951740104665,0.5113981346988292
137.90208743680108,0.44697064474097176
223.402007565185,0.760693564104125
291.3042621274662,0.9613361297837919
209.17449315421442,0.7599202482556866
172.86301510114373,0.5782203501866007
208.9294246190209,0.6732131393625852
284.0965171956956,0.9463633811318248
185.0657162804517,0.61922561869465
99.9061439591833,0.3817752612714399
127.61010512552849,0.4330959533236193
247.30292722083308,0.8421061474582722
255.38065249930676,0.8701899648333068
241.74117417461292,0.809219087790258
200.37851724613415,0.6721636177884494
154.52850528009665,0.5208263378626978
244.70039723288144,0.8247940782725475
208.90256707586892,0.7665825393086327
221.69906359961612,0.7907492927172989
239.04613601412296,0.7209746026961638
171.2356563461526,0.5764092244664909
226.00591551309967,0.7740034631366577
231.15469308214398,0.836568849746944
225.78944927110868,0.7440466032858574
192.03763956799878,0.6070538658725749
119.77635235059388,0.43857203326123223
276.604917765262,0.908653332536529
214.70072036356046,0.7537197642916229
244.73414250704815,0.8326332639383777
151.9886129492286,0.5755918141658732
185.63762604299922,0.5643329409467842
125.24007234041422,0.4169592120378291
218.22362418905558,0.707497920345319
138.11079978139412,0.4988026035387791
177.46279306407283,0.6594444090702151
235.47083756836392,0.8027240233646622
125.61276071506512,0.4279431015787814
241.06046181409945,0.8092810000917424
186.88955273545167,0.671086003585558
250.98757977973514,0.8148533099226287
255.5452626864794,0.8695012537378977
248.59376644493727,0.8248584927447401
153.42534274753342,0.5877800913519822
189.77770290221483,0.6940304380037549
301.71448132325656,0.9601805761076477
137.98484424322172,0.4368538559449855
221.7151017829774,0.7254180317237919
179.32273502382463,0.6119878726199105
220.05316498059025,0.758304188739545
310.40958845190715,0.9449432314902712
161.08230814930135,0.5714103804706389
161.44758538898836,0.5646867282402699
263.4237217932591,0.8983745307403347
135.23368838735718,0.4383720772887985
283.2877539474767,0.9834484208504944
153.73040943160035,0.5337860527393113
268.3662785041184,0.8952911165106594
181.3135562258462,0.6424178286142339
243.31388097341417,0.7844914598848276
272.7623388053554,0.9184400614078737
151.68260784861394,0.49537156396368554
289.58035435167443,0.9686265461354389
261.16266432929746,0.8905743961870639
172.64244816154354,0.6056566527110935
250.8552167586977,0.8123575952606005
165.84294815447373,0.6405257458153188
212.4838151344045,0.7581402026416986
253.97000835564947,0.9519320825846296
258.35575025137206,0.8562223834198519
205.971796049947,0.6679038994854535
144.5085555642718,0.4653709542913907
261.9841386207163,0.8611792110753408
255.20391997120197,0.8597707034445663
202.25633521432232,0.7019895055971249
196.9923378585531,0.6650352018501399
121.26410286807737,0.4268852672929011
138.3237849237386,0.4292473694445092
189.07582524443228,0.6928412902813855
156.93261023507497,0.5656375501406589
183.18739155885117,0.5750168719126669
183.91184694770888,0.6047745397881392
280.39692339723456,0.9184683769321108
279.33241320065883,0.8722850438959414
228.25517776234167,0.7671945263260397
112.5538100774647,0.41119476844423075
227.16099717838463,0.768051950199843
142.9340269987973,0.5136631320371936
179.14838536695714,0.6474606137399764
175.31160486105676,0.6589246965471278
206.38751374883284,0.7627450044161389
217.20802404372841,0.7877477853870759
229.87274233778396,0.7835156475676532
176.19252566736606,0.655003258505602
295.44847573440046,0.9697611287504984
134.42618411378697,0.4673598295737357
235.0186842881582,0.7876807505252996
230.27726373594996,0.7393984191654911
250.6449081047839,0.9073026107368382
220.4788739047123,0.7304782567114969
188.03755694976377,0.6011439606402404
284.53273625764393,0.916806405800861
252.51122474335574,0.8604136227576897
207.3539985533691,0.7117182367300472
164.45366793391125,0.5403513330028954
173.23155712557136,0.6095967266291384
151.67325314405582,0.505025887488952
239.98005823865034,0.8159714348473026
218.23494471494442,0.7527395806724902
271.8656241891862,0.9112310893867763
166.54175700285782,0.592875477446876
146.96294317948266,0.5541459862238763
274.3368611486916,0.8923978637952876
295.37430298355486,0.9597061755081105
240.1851203061994,0.7966869458527079
153.6581458347199,0.5755498653046606
217.51376613540927,0.739734659559453
168.63827128097313,0.5897757976732821
169.47253027910227,0.5363025406880432
274.54731535708135,0.8872679483449207
171.33366461366958,0.5606956080942519
215.42072989285018,0.7535268047122303
276.4565103267407,0.9724572256619093
128.7962986879852,0.42359383841382736
265.1337724532468,0.8668080228341668
124.34116929274977,0.4709732411857854
210.28300529689022,0.7173395310401122
269.87791858765064,0.8944723197508123
272.47997661750424,0.9321678552287964
275.535440542624,0.926517864438537
240.33183320092246,0.8109080499289532
252.13124960155903,0.8581752419698068
93.12946241561056,0.37825675449027807
166.64293315677733,0.5766863021354108
155.71691297378752,0.5540812499357051
184.61972484167322,0.6540153017336093
214.91718056461423,0.724254480722366
297.2479733539056,0.9281273405036389
168.54605080773456,0.5919061761652894
237.58912186677372,0.7817810295153587
129.53944543343536,0.45562399850459323
264.2392649793474,0.9087531789405627
128.83368978140913,0.4377246757168042
185.55520105762983,0.6259252650159843
206.7615282938418,0.6931167812357345
103.32728442191615,0.41507034591507996
275.8944275456592,0.9164717893998542
245.97407448839533,0.8439221573320056
173.02934045095256,0.5902166002515264
122.12509242666108,0.4565440110533812
112.4838471468763,0.41959546661509733
105.51892417046975,0.3977845950132777
200.3173798238435,0.7381778189816894
139.60096541798964,0.5028562771074823
202.57933302201485,0.7268741115656357
174.61111532427967,0.5996512119470272
261.21679404314636,0.8120572034791527
121.33696845898801,0.4460804385575831
283.250457473486,0.8926091338346784
187.4546756234135,0.5902476179403096
189.38681013674653,0.6825206226109803
288.4323790457963,0.9129744494407868
167.86379315602505,0.5745879187018027
228.71395116441994,0.7342928689699645
112.33997221894714,0.378303125300843
179.07825919730737,0.6455540888131803
235.01318515110796,0.8030282936072178
117.78728551037807,0.4095471701422771
132.87302216851268,0.5172370265562488
263.9323997470785,0.9165463036533278
199.9775676003494,0.6988011017460275
109.69294080624766,0.4582966564529992
229.14004697483847,0.7184234968557084
113.87011425848307,0.39912899757340903
184.36663384183072,0.6542607027862715
175.35140530759617,0.6298359071625546
285.6481069656616,0.9374821713598613
289.7135340128073,0.9860709294922847
229.6782247998424,0.7879913475717295
231.05710663928443,0.7565873648748354
291.4900924197272,0.9013502856759128
247.58227956989475,0.8806553227318342
239.3906010329447,0.8716001532093746
104.66979742554403,0.3660414509959492
278.3838798535054,0.9320114953679403
166.2545453192162,0.5767483368274924
256.8177968439301,0.8455454536077002
224.19707769112213,0.7917477081296953
319.181923601446,0.9979920782040462
297.05257934741655,0.9742466619856066
158.0912156702161,0.5138490067649113
268.50157853424565,0.9327993086303934
131.69064742590132,0.4591923728589543
278.4040585163592,0.9476434482328292
135.1307607105122,0.4515262187105233
233.78691694266846,0.757732769513973
189.54895317508593,0.6575731477773904
194.25483099148255,0.72226894477592
181.52358833382715,0.6287130549400467
260.03343653574314,0.8917174572309595
112.51418400262713,0.4404310591190967
276.95650685103806,0.8487236936133361
223.7196864831604,0.7286325268275164
235.4109478050116,0.7572325751749828
188.19533169006243,0.6155140933823192
191.14772580392344,0.6581648879112755
129.95953405136092,0.44845893188014974
123.67408767382628,0.39576483076472746
157.90870659520002,0.5610120362319104
294.65703252530363,0.9611263708974406
177.65996646244574,0.6026328911178002
210.43278675104895,0.7115249997629137
221.28919390445344,0.6811763845444605
218.94318065429584,0.7408039181320386
256.2151043065889,0.9131776186091143
214.12369597425533,0.6961681639022823
301.99036568322117,0.9849621013339405
140.7918100583071,0.592979768045209
270.44458539888046,0.8568830923339295
238.35900910535844,0.7935518016291173
91.55869434723826,0.3935523376011442
174.3085255531546,0.618424177768106
278.7595709877603,0.9529891485441755
179.2784462394314,0.6697748959576075
297.59057692533287,1.0
174.1779865777353,0.5856324579479854
270.41749284629975,0.9076648246831589
195.60983315908058,0.6643965837894718
265.51093537686677,0.8833820551162128
162.7547731155171,0.519978714703539
178.73160781285142,0.6678007969586541
126.39483608084583,0.436100935483147
295.1271828044758,0.9667831191674103
302.1640433741732,0.9901966045196369
199.34873313538992,0.6165954404119389
253.56789083207622,0.867042853590797
147.96096859841123,0.5923674380675893
233.8003814726805,0.749586023094784
111.19630452275109,0.37928579365127174
272.81052689719246,0.9029091909216422
210.64247998857314,0.6816728190572469
113.92510363159418,0.45382083809140294
202.0566024983949,0.668662960579039
163.4209533977016,0.5148395436974341
155.99436581112076,0.5399591252286015
228.3188138194386,0.792117621297416
190.15666006543466,0.6444254524534924
143.69929404063652,0.5567437716132811
258.6504809076286,0.9013277984863233
177.63264956600366,0.6000495242509961
162.65719222194355,0.5542149610233934
254.29345487029187,0.8435275589264871
263.4986020771147,0.8990167144546294
278.19381414767867,0.9296326886001322
280.57299280700363,0.9591147208533377
176.9551167589881,0.6020212339552246
224.7990322372693,0.7408446131714005
244.22471153019583,0.7954356225709256
272.8367440751911,0.9082622113128889
135.60911331189465,0.4303732146056545
224.3540176793948,0.787632740643766
194.97096377757504,0.6866099346841006
222.74718560934832,0.7308893021041373
255.2274169211407,0.9268616800614463
154.05444274097084,0.5144067228793069
272.96975285492147,0.8857956348410437
223.81801310462336,0.8196437037875139
125.11417470906697,0.4538048847622542
197.44824331320518,0.6899219234396322
256.34217295680105,0.8368481755085702
182.96825432409352,0.5887149382360779
243.60951540014057,0.8600706601423614
108.57810933974525,0.39374388745437944
118.51563677694455,0.40364582264342896
262.1543234669233,0.8489076300951561
311.8573645032451,0.992999140047613
200.23687907238977,0.7061738819599008
223.9301546039854,0.7393648042772013
130.49129622084746,0.4846981623722914
172.67676708737739,0.6177773166190476
171.40513730269876,0.6493407386649027
263.17909454973903,0.8769389253481247
142.43763994480557,0.49150819022694986
218.71583928012217,0.7713942846806987
206.19634768796328,0.7190285889527283
189.99705763961313,0.7292147148382598
273.9418681056033,0.961462639109507
160.6053199535729,0.5553968254810351
289.8141982119131,0.9820259955299167
281.428952749183,0.9191481067860925
84.35502080759346,0.38737050908220444
169.37654443092913,0.6259935408592672
162.02584383222145,0.5840012449825055
180.50052093834003,0.6223076764592494
194.90730995253836,0.6325558290946092
186.49795328407095,0.6525090686357984
166.5812853202293,0.6340920125058135
171.4302455444616,0.6325637301456313
142.62054202787883,0.4932457953278837
114.09747815331184,0.43125120644303416
133.0811513886772,0.5149393129480472
169.54938127856693,0.6026318366265826
206.04203950789005,0.7115257681291981
262.1273253995934,0.9214148981772308
214.96787879979692,0.7801231838694713
224.35186851641123,0.7854969738707157
308.6736451874004,0.9874365757437586
197.37585220586683,0.6726640315156683
161.04635844180896,0.5668638028148335
96.2869114846882,0.3846711252221034
278.8117776036504,0.9452978885850036
124.30755098994561,0.4467847116936472
258.3147843486101,0.8739926038079322
94.64640714294262,0.3986529489087386
183.98892266368844,0.6390919820442678
233.26297656635484,0.7822723134740229
241.87632763828825,0.8386894496011726
177.89453643852067,0.547187271518396
141.87101374374578,0.5205249651095522
254.06758368001817,0.7970258839179254
257.0437657550727,0.824875234711234
162.9419706502133,0.569345423224554
232.64560797143014,0.7747549722370324
122.53242692541481,0.4491638563053547
155.8703719267473,0.43445355384916096
231.14505946404597,0.7882749190052586
176.04859431936413,0.5876059737066819
292.3760673881911,0.9898649150330978
145.93354563798323,0.5278497564675616
200.20512853197525,0.7349325765187105
155.99269130457293,0.5772606670419388
214.17975614143586,0.7222149188614256
250.3969142611459,0.8070101596690926
226.95660595116848,0.728445513744227
298.4470908714027,0.9524601488971822
242.9189045062358,0.8691403620823059
269.3011779612051,0.8780351295245552
83.32830079993157,0.3762903501004824
260.96309138840803,0.8875457079818083
142.84000544986137,0.5381637465657875
169.43253718046282,0.5780883483399486
263.1318786040802,0.9628012674805159
261.0177717762814,0.8876223567465894
306.5584119975905,0.9980770272658654
188.64112368586916,0.6040304166810082
150.53382100397545,0.5339344439741257
164.90290960874512,0.5760995698346875
242.09003929604003,0.8336912788801295
128.381804623099,0.4722902047048325
166.73086090080818,0.537348871382878
170.50300863294956,0.5425151316927689
104.94095998063304,0.3716264032260454
264.90556986273674,0.8596647503863785
277.43315276104937,0.9121417958760715
195.10150299869804,0.6481690618690655
141.71728962505628,0.48683217685428215
133.44645335902024,0.4669480161920402
232.84814047829113,0.7999434784959012
271.7217966940417,0.9532969480023696
174.4602582517351,0.6512120071395704
156.5901564374867,0.517661352228312
296.45957702801127,0.9663110352770203
184.94967228180377,0.6720920388829889
275.00276702414067,0.9389452723993383
227.86321497500165,0.7931948189458043
269.6868215938762,0.9475535937708529
149.41798388035178,0.5501040920057034
283.30520232516176,0.9385040299424396
204.48699569323915,0.7220540501186254
229.93058390119364,0.7917279222804089
127.35782644146984,0.4621562246465601
207.88509928836103,0.6676466129847184
122.51189681215526,0.4278368083785314
221.38022053517378,0.7313060569348517
193.4246698916845,0.6888963182542573
120.96511694247255,0.4258901956947094
280.83606349633294,0.9012316400583508
222.99702357829813,0.7350929502977603
150.22492220432133,0.4771858846284516
223.53815567777627,0.7341129668342451
253.79619051612585,0.8243086537796166
170.38345402464662,0.5977069430123079
169.84314942697898,0.5272714710960645
191.18882542017658,0.6490983185900464
150.52923474309677,0.5354357833749127
140.92420410023146,0.45985821585119585
107.92989369407145,0.38302087645673316
200.07243224382964,0.6756361780855438
116.98319524913029,0.41516670915302867
264.6945349097164,0.8824962812716632
280.12600308328433,0.9729395523098673
129.61816400455552,0.44881525442316067
257.2800182454606,0.8989236253781897
145.7491881113543,0.5305077855481335
285.7482101339315,0.9803776798843576
161.50271913122754,0.5377785137302512
122.07379374424936,0.3675607802886944
229.40683031324525,0.7820644287018601
213.34113438782737,0.7559444518405531
184.45631662293357,0.6124713209529793
111.31210909634326,0.3862229051464968
299.18644089222147,0.9852560385197577
285.8866077592586,0.9291064624368925
191.88735823028517,0.6546119480471085
151.9117774054078,0.5470934890022764
233.97190517045684,0.7308046967499157
266.2921523340633,0.8911370287436263
154.46190824131938,0.5338201685720312
278.6081781637322,0.973977738333189
223.6250630890915,0.8189962065383506
173.7475422509796,0.5704122653009205
124.47191044896638,0.4310533389477931
138.86737663288636,0.47379417903002763
267.66377663382576,0.9431851877904475
233.9800411760931,0.812040936934085
203.14658850185836,0.7073466531772072
151.45022937636708,0.4871618156805994
268.2330249577149,0.8959967607239036
170.14870339589092,0.5884957272988203
177.67548636172356,0.6729530877696754
124.44481657867672,0.4627477704223872
205.9836222528367,0.6439324744589022
150.28975897122191,0.5477677178129784
283.6065972678385,0.9442150482821061
226.73230702861565,0.724560343951533
138.35204913093605,0.45456610308124457
112.64241125984665,0.43588413650893776
168.84932714532502,0.5617520234202388
163.06557065985942,0.5868123583375504
170.63048392435692,0.5955352032619194
302.22990980104885,0.9677394283900401
154.56208794779366,0.5383294209969335
135.1599791398582,0.5184097244343301
187.4921509871048,0.6021522925652785
239.50728735970705,0.870446782252724
125.88889397399942,0.4396284277051583
274.77097301008996,0.9239147654562663
163.72853389529973,0.598666311969505
168.36171940496197,0.548295842418162
194.68732704737386,0.6700028829803684
284.91793876941864,0.9696881780067443
127.96939526587609,0.5066619809503794
211.30409004668917,0.7371531891031139
107.3064935030008,0.41685068997452845
116.7867620125796,0.42061958910206665
96.40581344450283,0.3684321405330982
263.2186067112241,0.9156694301513677
146.9662870940516,0.5513224105013111
269.2547167965185,0.9057460010050641
203.26098385752434,0.6660112225738616
191.54473883922776,0.6589084011987805
241.66121187235404,0.8242519959036182
217.01414088387332,0.7314782450786631
101.68577916305169,0.3671900759141873
218.0028640240274,0.7422725525481176
111.65128635396383,0.41357691703494703
225.80276346912638,0.7194263053888675
182.43408603272587,0.7123734594712341
122.15201209821417,0.46244079697721546
129.1036410577812,0.38337758359064
122.99820419370897,0.48740027783202994
292.2943861453743,0.9565954041041983
244.1730286213764,0.8278259153632819
90.32231051019711,0.4007773512295534
282.9236513234498,0.9440445943201077
114.12183858598809,0.36392937536746556
212.6528282383055,0.7319664937399714
264.7368017855109,0.8946669757820749
233.72296466226638,0.7902256596317262
226.2337112697618,0.7381120534702414
143.52638013407415,0.5236991641265882
246.1776615871232,0.8241707570844187
154.6901364343824,0.5039340040628771
244.98540887885167,0.8300155364327444
97.78523136410419,0.407667344972902
276.0922095207115,0.9585922300188475
262.6323145491872,0.8760128492891955
177.18111936301162,0.6215583018766762
298.11913652010116,0.9947227570849732
208.4175396091471,0.6655139790397407
269.6812397474177,0.8572772933522529
278.9196664938625,0.9326954764435825
273.61687836944503,0.8989062161239799
190.09153976907774,0.653014005460867
96.64571978643792,0.36969181476379714
121.64568530858602,0.4279757039628403
197.12836832372346,0.7236403428978504
273.14044571803356,0.881874710927305
119.44981316738827,0.43316021093540424
228.08879054583764,0.8433318075965666
151.38550454231375,0.5407037029841684
111.47301017662832,0.390809050558541
225.13155370147607,0.7569749359739548
280.0210438697714,0.911090589176768
260.9753696445416,0.8644433392833324
153.10028592282333,0.5294805235234499
186.2490282723429,0.6367532435803068
272.70844768200556,0.922174742319209
230.55898389266966,0.7964751492985328
189.16169634313044,0.6991265067262392
114.26239625815315,0.42564271889385624
194.62861281095445,0.7242021606612301
225.88474340586475,0.6791367355738512
156.96693277709693,0.5203167876789039
120.72935785067261,0.45504462265445367
194.8344065721914,0.6128330399259053
196.0128356062817,0.6966503456596395
225.70413781307528,0.7266246095238548
296.5726260356703,0.9587511079154689
280.40115883171165,0.9974876175854616
197.14505469195086,0.6657769517599273
225.36448924928686,0.8074441978863185
181.50117203927536,0.6379814286896143
283.240505084743,0.9681060971453809
242.10793706884454,0.8306076176303122
182.61943442485028,0.5827854923307039
257.620049378207,0.8236324751477975
272.11140576251825,0.9257840721401676
290.6362980172404,0.9929743403280182
248.9748127943345,0.7900798301648401
88.83195280224658,0.402845328454279
148.0118713351993,0.48079661238185906
259.23628555957,0.8732435508077333
104.64838122673109,0.37437476208519394
122.8295014281943,0.4521067805180186
178.244723945217,0.618020518212495
139.2632113828893,0.5058348978511381
306.031693710323,0.9663991327934105
145.34050900582525,0.49634121298600636
276.34002832531195,0.9055830888810711
189.33731502499512,0.6453716570868833
245.32274088921378,0.7542157450704071
242.78167363416108,0.8099619440913146
255.20628034081247,0.8933323018455365
260.3321678239068,0.8581137775496159
229.06927259089204,0.7466602737057718
153.09030916842073,0.5665037720494486
157.56894949170194,0.5366399597804515
189.57034730463306,0.6543317710393021
177.8810212950998,0.616601636517208
160.0347700736221,0.5397651055314111
106.97166781492149,0.38762944940930233
134.6990002696697,0.45429918868319363
138.18592091676194,0.450905064372854
236.63859416973636,0.8124817987854537
237.82234038799015,0.7919556155811568
97.57928990778565,0.3813580114064032
177.76469591556494,0.6185097786468476
215.9119761370588,0.7199060708909885
196.87468384476824,0.6524897704416522
128.68423972219833,0.39154269654406226
139.97517340363058,0.5074483096867844
234.0427728261976,0.761640348417237
210.0422246195946,0.7126392871338414
278.63807887169224,0.9236425550950166
170.47543780333808,0.5642088335776482
171.85351586720608,0.5748002219463146
160.41057827335385,0.5710931942697105
166.81107166267995,0.584397638460715
209.89980872605855,0.7268343356713812
215.0532594872562,0.7303130863275057
167.73174683395172,0.5381781269144308
173.36486689871575,0.5924120160934203
303.5321251833959,0.9868070834796882
176.98803407963177,0.6054944513636384
239.1834322057343,0.8319215105662944
177.49682047897892,0.5912752151251552
210.74047973072902,0.7013125045044429
301.7306519548379,0.9682676867189718
214.73919713334314,0.7602423218012951
222.99794491207956,0.7708408348487462
285.4750290578296,0.95865319285154
232.90350234683513,0.7439323379662529
120.0301749020139,0.4655503667856935
137.31226155370484,0.45202124872193866
172.82354567170566,0.5913461516622699
125.50925060297259,0.4530105937882697
99.25419614197601,0.39491487754692967
110.3602621796782,0.4080151758630202
158.72897972816185,0.5245363551328968
252.32311028075492,0.8474236503105523
160.40371982021935,0.5319270356037666
262.37784219623944,0.9410196683513304
203.2220639264125,0.6847611368261163
239.04836600163318,0.8352698969349245
98.70429551652653,0.3734190378418766
220.41371750410553,0.6922136701976266
275.4472615778592,0.9646435121779315
101.97560179995835,0.3936015554081631
235.4629262312475,0.7974760574787572
142.06272354818083,0.4874155937482186
146.31153006754866,0.5103764021184598
227.90570436905188,0.766485935243486
99.05742663585154,0.3797460416421815
222.25474663654322,0.7478265207001635
109.06434577112728,0.3883507543435694
160.9273615757803,0.5702157308960495
215.99115413645615,0.8123789110468802
203.1142063818443,0.663602035283542
122.27303207715208,0.4671323858061761
168.01128285680088,0.5808601298398629
152.06541475760113,0.557149639567601
146.62263981399434,0.5174873013432625
221.62901994783493,0.7201812301974422
267.4973929117262,0.9071867272148095
307.15181812141316,0.9649802270891508
267.54083212060124,0.929077261383326
271.5276220154511,0.9422131824821635
211.5517823617747,0.7321652355444018
163.68923448835568,0.602157499430659
119.52711747547292,0.40026313919556894
296.29486762137,0.9579216886878484
236.19623738923448,0.7834033989577109
308.12700173165814,0.9939423036558648
142.715692706067,0.4748192641049047
286.7188148596399,0.9914679187389929
279.99712652790924,0.9087216458867755
284.0750625073329,0.9705515096711658
175.4391923021076,0.6071528478892693
215.0796545049117,0.7606842770472209
144.3791986024217,0.48240191344701816
150.7226618887156,0.5236585912318876
113.4754021229223,0.37636161358244585
125.61171647807784,0.43089432382948084
294.7343929701566,0.9944541655232232
203.09608951158683,0.6925069338682395
147.46185113929735,0.5009624994459394
299.8218166407327,0.978997598105223
106.04521236911367,0.37397322724018983
218.52069371790526,0.7548993702234718
129.21860824540204,0.44620322781203686
117.29682081739107,0.4390214266511076
229.75388255607737,0.7998697112945554
172.45862302228574,0.5500767958868695
139.12330458592072,0.46575342558120447
117.29838707587245,0.40938929107815175
182.54095109552878,0.5950255769866016
132.46737919411558,0.5144813135945916
110.52008163775156,0.3867436968300653
263.12418801364845,0.8617654999573463
207.83954074104724,0.7898201592440524
227.75390650097248,0.7505322220220761
234.08772845451102,0.8719740550024875
181.76085656251743,0.6136683360128136
156.89108588351272,0.5631528232300151
124.72381595641397,0.43973553721551717
181.96703222839432,0.6004583188872737
163.99063091909704,0.5652505181854415
276.90686033146955,0.9128284298034905
143.15165265760285,0.5339170991714985
261.9371380739461,0.914866269815676
225.47294962136314,0.7757525207173667
184.6891298215229,0.6443057103432203
149.7250336945485,0.5320686243040723
247.71896443496635,0.8205444175557561
223.88854998578023,0.7675358992450771
206.69830442493608,0.7495574909153759
274.8791296397728,0.9321182147617849
275.8422217562595,0.8984651694652882
282.6213018579039,0.953864931894421
136.03284748965095,0.477653174350145
254.26588977868022,0.8176123530248472
252.71691761196243,0.884476221097342
109.27291506238099,0.4325359275436307
186.21063614240023,0.6449880860658798
280.6587694295663,0.9539520612200088
158.0996859947031,0.5239634756743741
256.2884706682726,0.906829729562039
171.07993097625325,0.5313982698232378
276.96216016965036,0.9435614861526793
250.8420063775951,0.8578869542316652
269.22377038926516,0.8671569705625334
183.03412856067357,0.5703204135584812
100.71718372411807,0.397215060197813
110.20402603595575,0.3645166654488236
229.88075270193292,0.7983252662991203
287.5738943287148,0.9871910464975584
171.7483287810467,0.5869708330697654
147.36661652538956,0.5590599674003198
257.3077437607725,0.8658438344849986
217.34457136978875,0.7041298494018571
302.19411209006114,0.9650131683553755
174.67112135645246,0.5990548792920228
222.4935752879478,0.7260834548348916
117.3438711550641,0.42625993423596237
261.4900253006061,0.8632796192689615
222.63161421668784,0.696947108270797
157.72922886362784,0.46462821878291494
162.02532724740783,0.5794702074345818
291.3982721460213,0.9532948235041988
141.55789979126135,0.5369271261361621
242.60207147413186,0.8600184495854994
235.48309241073747,0.7399849529033623
180.51845201068105,0.5860068800159464
114.2221610241331,0.4310533061725999
292.5095362576755,0.9542850689909196
290.52723794282906,0.9834294057197573
197.19823661083305,0.6595481401489827
262.89637838702544,0.8418120134433085
276.13955684701915,0.8813150372731279
131.42474469851487,0.4347220554571806
237.8381439636632,0.7922369710487572
246.62726753937844,0.8656214521406945
270.84910034823235,0.9397584269983555
103.4829532513568,0.3667766557270753
265.0740147005842,0.9016059046559025
194.49135793187295,0.6183378050499303
142.96234715977116,0.5553479020250651
95.01319663185988,0.3665852597964898
136.27907356728127,0.5467261682312368
190.75262478398108,0.645354083699298
110.66120578369916,0.3765043883440275
116.51699282788692,0.3718735865723999
225.83558622040377,0.7391244589544348
192.30257025418194,0.6795290820725214
201.6950447912068,0.693433896312845
244.41418173902028,0.7894248602434099
248.35407918277423,0.8833267075932625
263.3480168841413,0.8881313189974198
229.2482807354944,0.7996696390180059
287.8548735605178,0.9358326128226526
196.78691210964092,0.6610081251881864
77.74969755654712,0.36894572396770686
124.94038869776595,0.413823908854664
287.47671456531276,0.8898644719592856
278.71231093496647,0.9180962938222236
207.60003860537094,0.6892106880809258
237.83372181129008,0.7553545708375815
145.93505279533355,0.45141069877182183
232.86332843217878,0.7701534505230215
126.31736336455937,0.3867554122918591
103.36854978102195,0.3673143576167151
129.97641671982046,0.4870574105171768
199.04503993371938,0.7639247411993554
273.32738182064776,0.9338146782168281
217.22611925451096,0.7495053530827555
161.8903934894715,0.5671908834396272
255.69305895500548,0.8448796702680775
140.9708624168895,0.5524233018815013
246.0940549047074,0.7577068887294979
194.06004339316803,0.6875054489362331
194.97538570586832,0.6866321279789229
121.60763332141838,0.37867218505255024
267.7429463311151,0.9049646362383627
200.360803199301,0.6933451283037244
134.3012247769996,0.37584079795962466
183.20153139418966,0.6257562501607415
262.46139074376725,0.8897770452199694
174.04332129907425,0.5854587130879608
248.49358857983626,0.8220619829288165
236.90733999186577,0.776123327442975
206.92573058220057,0.6408990494261693
253.2294554138989,0.8362822883729701
267.653047886247,0.85442785404435
276.9493126948058,0.8998687901632082
119.6883894455225,0.42113680010339244
104.93636245402439,0.43711060859960305
155.7537312249649,0.5454230928408041
256.63244605791687,0.9332839204630506
256.20801373557526,0.824942006423472
291.40291825557716,0.9489957062986326
214.6838058612756,0.7310796435114052
126.28449209354162,0.4944442961212012
267.74795127540943,0.9063926387914724
211.71844134876685,0.7131149890393966
212.4276528582757,0.7373513870347717
169.9949541647904,0.5652740585704565
165.93997751014027,0.5524693124486378
252.16596427111435,0.8050032752289908
240.27782588551787,0.8611416783142739
219.75121125563962,0.760441191767271
219.09782639966687,0.8106158594935148
102.31020550081485,0.3959160760360632
299.4685660453562,0.9790446332003055
171.04907194136757,0.5987791433117348
203.69613621302585,0.6558796115918158
212.95921755226118,0.7091827358061017
271.558582354015,0.9208963498396417
177.8522044507953,0.6006053842011354
171.35303216046583,0.6396625154886627
102.99519717390828,0.39548777840195715
218.62580261376755,0.7100632365517426
274.4964592066001,0.9437882771859138
194.02198608916896,0.6803999554851461
252.86307574553695,0.9030207602429098
221.95587343481643,0.7358726494802503
113.55894028584162,0.4354983641605496
251.56260625481283,0.8141707562743755
202.3737312678392,0.6237396527800997
282.8902755759547,0.9337505423416539
191.93853169816018,0.6551068355742726
144.85818063940846,0.4346305022726286
187.64406386136937,0.620688522285165
158.62656864552616,0.5828513563864893
258.353257677625,0.9114658904929352
216.71171086820365,0.7167593654179075
228.2006745472956,0.7672004874487228
98.990512681998,0.38141324430854967
163.31227882397982,0.5722117003802976
142.03546809192392,0.5072235569982638
264.1586381188568,0.905417350834999
97.59547500294238,0.38404929971898816
166.18115738702366,0.5335993858464747
218.60041189435478,0.7985624430991543
178.4113010038664,0.6036174136643141
158.7442684616349,0.5219941297590411
238.86002022756196,0.8327260820345087
147.35965549388413,0.45583312243566115
239.10908811044712,0.8854598341900876
305.9005866727066,0.9841422683694748
259.34713728631436,0.7617451543579581
113.92124347707075,0.4095280974969608
126.69575421718284,0.48496393505609825
136.2295961415598,0.46952450666683937
237.93134117358647,0.8221974030861957
158.71375393080942,0.5723674626946125
165.92176254675968,0.5266550445982064
282.6705227573019,0.8782579501648373
116.20072999602941,0.46282848421637734
165.003239478231,0.58763413319547
87.70704528331956,0.3831353410199835
225.8106868281073,0.7385389300697706
298.96435958508147,0.9750737678346607
224.50917160823812,0.7507681078957512
299.21043051626583,0.9878814631412641
148.59586485719757,0.5658470473337872
200.10059231120235,0.5988494667199421
252.38205604464335,0.8520355031582428
251.32694120414953,0.8382781707777083
155.8855713240527,0.5061086668782785
186.54850328646202,0.6604497302689727
160.0735112170155,0.5375321856145355
186.72202252821822,0.6477051313768667
193.18318133938797,0.6931363730713337
220.79819327738247,0.8069220357338113
149.65420484745653,0.49171518424610583
232.30033693700136,0.8086476325559875
129.46117359660883,0.44383247332183473
85.05835301596521,0.3846098820805873
215.42275304794128,0.752328610637955
130.4789304744345,0.4677419485736245
102.28478817861951,0.38242433607451654
121.10921835167741,0.4359949487893918
233.1093242311576,0.7845973792011343
258.3347759800188,0.8392729888245778
265.33946742239135,0.8594602016167758
255.13585885850597,0.8444764145172702
155.24156964560672,0.5876255220280896
281.3555978234425,0.9010680810511864
151.99542758178214,0.5265054932969434
272.2946466906665,0.8774583521354099
144.73636151414004,0.479493182566646
237.02112913856968,0.8148144240388727
100.42480189999445,0.4075161286116521
194.75828178061627,0.6741097544331012
196.0647165641089,0.6815751938511088
182.57574196561555,0.6035723054742089
192.3803998687227,0.6378772887637042
280.8256379272193,0.9445150601183689
258.61589185050246,0.8738199973895923
227.38371392639758,0.7771757318112731
254.7444611748239,0.8442055809899692
226.12048387693238,0.7437022697851973
293.2349163758994,0.9443781746931035
211.31629347858143,0.7348418669512724
203.60142409588153,0.644663891966034
193.02268236997946,0.6736444428562208
133.64828969724795,0.44820035822479143
197.19831206635823,0.6746009887180194
183.85968412252387,0.6005005263446014
227.23509837533393,0.7315351387050605
198.28239877754896,0.6824709850792567
267.3813804998539,0.9213178089224047
226.4380017179438,0.7460905456382063
114.38842434692053,0.4248316926091771
163.9628101543889,0.4778480304472606
255.63617511540295,0.8355719060704403
272.4349780448318,0.8483484971238409
132.77757160057286,0.4921371403878371
202.80111700334353,0.6995093804954501
107.19629813910504,0.43771245689540106
260.04034793530826,0.8616065766469336
174.936767687731,0.6380220235531953
231.44605439413317,0.8089808369727767
134.0184786254696,0.4956275740153321
303.4031370458137,0.9767684487551751
140.9257563873553,0.5026086588409677
238.90796770387183,0.8128584178955193
294.28144055040485,0.9533266178864254
252.19401694917664,0.8342182458250433
201.62253155039835,0.6809185839481185
265.23465648092747,0.9065981430733255
260.0952005700405,0.8576357720837515
210.6791471581049,0.6957944582305496
153.7113987979421,0.5488903799960464
108.56166175020665,0.41061014446161465
128.75236283532348,0.511063826510408
137.9160715183664,0.4988095874828527
221.1920629491493,0.7251382784406931
278.52645567296673,0.9239666749591313
204.08110244623404,0.6573698345441499
127.31278065398506,0.45014412549714455
245.2755883514826,0.8921038432314264
150.70936590331942,0.48015436682910395
156.97207401004619,0.49642155074305966
215.51967444956125,0.6799917830260779
291.8947717846311,0.9985118141188842
280.6636691716469,0.9246552742809097
294.54367375472015,0.9893854138379161
160.50621851200117,0.5818236278071341
143.76989008981178,0.5169630795703984
175.62758426593206,0.6385235064981073
259.49894096306053,0.8586433565857255
308.44210624214924,0.9935929231802321
184.76327477618608,0.6005122051668284
240.74708225904402,0.8351615778055608
292.38331792259953,0.9852684676207921
126.19245439187017,0.47381704137406583
233.8835172069776,0.7869829390385288
147.97414684126983,0.5168943752409578
171.90863019563093,0.5412565920761492
272.26021148945904,0.9011592093982604
112.02634178478463,0.3878087404186169
136.8565836395007,0.4887152606318279
168.27663527595288,0.5710855587297133
115.18365153507114,0.43353708166087873
237.2732029282555,0.7189523328993424
272.1901783220293,0.8937680911451255
284.3435139041745,0.9095446718381788
134.7531616176911,0.4572850174068057
161.16036599474654,0.5055634508149575
266.198248032494,0.9133051929066025
238.55867639076956,0.852415971396093
271.1132063001153,0.9218697891898294
149.88153799498326,0.599157329903681
265.772489584451,0.9403100957576896
193.68504829413976,0.621846320914544
150.077119205915,0.5437326453652878
245.1167822172049,0.8533148173807732
258.01685717135257,0.9051231480573196
258.16773010587457,0.9367272797555809
125.28126868872457,0.4395576049213151
233.16686823107983,0.808255354768607
256.6799961679515,0.82722787870122
262.49685096167275,0.9385128422644154
206.17988878268426,0.7305610185719985
108.02123728072648,0.40533345062442244
257.6897461731888,0.8434943875633908
218.06676836287465,0.8049842763662669
201.2492019812001,0.6987911978893704
237.87163682779328,0.7681737425183957
283.3499206613478,0.9149449554245368
95.5143267688021,0.3758179136229677
281.7181952509395,0.9872536563747442
237.6391314076222,0.7653185313612645
125.29102945614679,0.4655439231466389
116.68592560340802,0.3918997364220845
290.033540811074,0.9432345065052828
236.0826798221997,0.7569543888295942
198.18117366007382,0.7243582985095648
215.66900389122006,0.7361789913991371
282.0255367105852,0.9221721754906919
218.92363716738515,0.7209635100382361
227.79092455050812,0.8100213855888398
110.3127903232866,0.4742204147561841
160.6192872337972,0.6129749089458142
118.66901978101025,0.4709361980369404
198.61919657175,0.705965112494781
155.5195641859767,0.5762677347493428
165.0081178815911,0.5667749309310844
107.50560379640763,0.37838192603889187
294.79587027482233,0.9002107503197853
271.5676456216128,0.8747849361570226
140.85227274135343,0.5129946423575772
214.524732351063,0.6914132618635834
192.3134453099466,0.6798967296584033
168.90608542748458,0.5690460410676939
291.7863374478233,0.9795841984431818
181.53130068137594,0.628517418760812
146.02137251939996,0.48182684215082683
257.6723896671976,0.8850308337889023
218.570662843171,0.7500272952553648
172.32318502873568,0.5705731207664758
290.66749306161745,0.9633826280053521
135.7953197069141,0.41725895040507116
143.80445025430683,0.5245080728389959
181.39703086123157,0.6108632595239993
217.68493731841892,0.7646050822275341
124.74996082708444,0.4983661903166409
188.76854748590034,0.6689818204024147
115.0418838422909,0.40617764052235866
145.60345619232845,0.5197736799502805
118.70298552566852,0.4061950433125689
193.14229288840684,0.6364914392958714
268.47941910825875,0.8787093196177347
231.28567694658355,0.7562756738636377
92.51491977755745,0.3767607144170979
214.00533909913415,0.7169150602115368
114.50106697382603,0.4584883303576831
201.64301827409773,0.6897280407180685
103.14349016236407,0.453558500036926
182.00768398639644,0.6583041171732513
285.58200616994867,0.9407467186561983
251.03055798942907,0.8805954634585487
188.64214047018157,0.6189529779983469
277.31906135012196,0.9696752622992449
209.5854273281592,0.6727604140846284
104.0880615293032,0.4029385742263873
255.06674442934155,0.8825479992614295
156.79747153367646,0.5919940846651293
176.0109788795477,0.6282524514555481
219.67910552791585,0.6390272464082046
154.58049434841936,0.535058284381635
192.120186696055,0.6008956513844115
177.37114116867178,0.6231983268791174
134.96249535865152,0.511786364231056
202.07451359072266,0.6661703483952987
150.64702888409917,0.49549076321096985
124.2856685555749,0.4556515258134014
243.42122224809697,0.819185072732806
173.16947930577996,0.5937924963435092
200.45281533587521,0.6433048197120517
182.94842483622276,0.5651286624327426
235.63175236437044,0.7871858562444347
226.64880865541136,0.7537886615030156
120.26683368124209,0.39559195229306804
142.00519153452123,0.518750073866923
321.4676579604461,0.9460240906136177
143.85777973841795,0.5365425743529263
272.23701595517497,0.9267140027259876
185.31430098220653,0.6567864379535852
152.06427135003486,0.4817746736157808
185.1457860628801,0.6214018458905491
167.14445402632563,0.5871289938974996
258.2054294698534,0.9037543360650955
255.63677002317493,0.8286598361878187
244.99707636706808,0.847329730920774
248.15432075115658,0.8458847210465186
273.45855696800504,0.8874444373166585
147.02062180942727,0.4716065102450009
144.28848129333983,0.5448551511707815
234.34646115151534,0.6907103386750729
247.55854277997776,0.8841063449401831
231.14224000560824,0.7732720825657919
230.2853811882492,0.8217983433210564
213.68514732622438,0.682048062555658
154.4389558741467,0.5049001106975803
208.53098289336808,0.7016688492013027
249.03549870471178,0.7945862577539645
189.55156558290065,0.6250797409736821
272.35056618958276,0.8814378417317145
184.78419770903508,0.5790797349012399
277.23240110070424,0.9206260256490713
146.05538994337832,0.5357778686075114
182.4936133814876,0.6447097239486721
290.262702833768,0.9736948358313667
258.7129190247216,0.8338288726647188
162.46976052561513,0.5563650558360856
224.73639267428322,0.7105581473219157
141.89604279833625,0.49753687058407814
211.76132563027443,0.7180525980138442
283.49775605727854,0.9595590343170511
188.2364118011555,0.6733950871262462
203.19349696810178,0.6028307993362777
234.6051814820863,0.8164302788675625
145.3775177116163,0.5298385771603031
140.16902362217797,0.5171187352231351
186.71978533360019,0.6723748515719952
116.2720169430829,0.42775236385373033
146.4281688480853,0.4933584796755415
164.84990876073,0.5658992222578554
277.6291919617297,0.9722264258601112
124.64947849994762,0.4513476752073549
289.69094718790427,0.9534991660630192
185.35310589721115,0.69901211459743
221.9519942581021,0.70388893668454
154.22381106890336,0.5133358508478942
266.16433629183865,0.9890955404640029
218.55611893722735,0.730530123401423
253.19946588418378,0.8442506206301863
163.47420669919708,0.5674362165565567
156.80046765462413,0.5230593007268642
295.0233433739386,0.9851310942245708
261.4668600977114,0.8620108995556448
157.97181103164803,0.5326382387964913
162.96606096867566,0.5451917273829814
188.11987287543806,0.6581764971016792
241.76493800557733,0.7963177705089084
89.54844179632391,0.36839546778927895
269.87362607584896,0.9246534617786137
235.5686715220111,0.822505439081519
224.81937102906912,0.7618258694836347
287.6045913704291,0.9702407550025924
192.14571994580476,0.602489129619776
209.6564821736748,0.7080859891594274
222.49863967435186,0.7888023814397466
216.74683567871207,0.7299784934865925
285.0227661532601,0.9392839425983959
250.61124191723766,0.8448696169961717
297.62674484459046,0.9864332866864423
118.25047856127415,0.4164080943735288
155.21983806842465,0.5310810986663886
122.94279079609801,0.42177450005655326
213.8417225446652,0.7014452037730201
306.88952646207326,0.9788932417713755
108.66207161858026,0.39175157678084654
269.8234098653613,0.9174217695052915
262.30491797683237,0.8902504111694988
212.2895504687408,0.6848630336597061
199.99736960760677,0.6583456079027851
265.60128775803634,0.8513503487670007
183.07470213915488,0.6290233761688818
153.49128931459254,0.5575789790988293
248.08063506259586,0.8348859595091757
252.62231228002327,0.8763581862479396
111.84353756582794,0.46209121528702884
271.4788535251983,0.8959606461584245
179.5223220543582,0.5933274556326325
155.91172238436732,0.5575965970488633
154.1684855772483,0.5627332562563504
130.5818656738187,0.41908985607243515
291.9944005353197,0.9481721044415257
183.12470165462452,0.6201023715835853
141.8255412225117,0.5597177359119967
244.77726011316636,0.8188324914562916
248.9064770332949,0.7986695389604086
221.10346803765918,0.7549575441167825
251.44046936039834,0.791433911002144
167.117558943927,0.5782779986487967
269.3688623100629,0.9241569876039082
199.42529708083202,0.6670978026409913
181.84793822697893,0.6267802067606586
272.5012839610944,0.903273498233947
221.35817050009777,0.7221691490957511
287.68918699507685,0.9508664252589819
205.36926447397352,0.6759529192179758
250.40293289967718,0.8174614306841285
199.23076552485233,0.7393500230628689
261.4992287590116,0.8917910074910576
255.42129786566755,0.8598837904028773
236.96942119260015,0.768462864996568
140.60002242993573,0.5044798787074131
225.115888712895,0.7215271769716424
157.37524711459025,0.5506147872993747
139.95596205273645,0.461034751114647
114.44886980668842,0.44553522239434246
219.12756204286634,0.7075115687017224
260.39455682229317,0.8645689775749067
132.21002563051712,0.4737837480956457
303.0158039400826,0.9640209290853645
101.64402529041158,0.41759201147242275
135.1378688890899,0.44827925230446825
181.3643106773536,0.6210637081675839
96.74866242528304,0.3723324328019602
279.59948228995376,0.9224820629626416
197.8458702332743,0.6955085913799445
140.23350451703956,0.45677318778258746
221.3822718567033,0.7522256640518981
193.4486041919668,0.6414529487432992
227.79935068285408,0.7816141534980534
261.5903982857414,0.9012790176744182
199.2945415746672,0.6628362749824035
101.695396545563,0.37577143191363543
229.74965013659516,0.8176503776004355
263.41011369986705,0.8344651074049436
162.6330939052702,0.5513694433248894
306.77746381253974,0.9864340686926619
117.98174617252128,0.42591114757617066
223.9188187097224,0.6934648287199684
158.34671173257757,0.5496311617976981
268.52140136120937,0.9027467111914617
213.8423522565891,0.6955433508281813
148.36979058074579,0.5429213711694035
251.78030047202225,0.8912771038517393
166.439231121793,0.6709588930719746
106.91122884244474,0.40663771273826793
134.5845224413505,0.4667321855552269
289.95727641642037,0.925092120476729
290.99640712392335,0.9904830836765871
171.1867789296174,0.5598173890650411
283.7066064140984,0.915807427751683
255.32398044904554,0.8291404436109401
154.10541111498677,0.5524035223286758
151.24566352001037,0.5789676802858117
288.23260102315527,0.940492098611215
198.15465195879372,0.6829151171411025
300.70168701863753,0.9672397221596499
155.37970280471916,0.5498497095766468
113.58407790996252,0.4003810053407145
139.98066738913604,0.49500420039744686
259.5084649590443,0.8759087511244804
215.10250418539133,0.7716259869899251
252.31966435766233,0.7984998017312473
270.73021894703544,0.9355914017169017
102.2110056508348,0.3698538451042109
274.3660150907985,0.9264014634021521
152.50902358205897,0.4907584730077795
262.3808082828054,0.8936567339182518
248.65717508095747,0.8589353707122901
188.11411927317243,0.6719021037598698
118.24797964349847,0.4602056949378403
150.8610456925033,0.4923259987461722
255.22313498715448,0.803731400685174
113.06027285722581,0.4197166872933485
259.38956836538273,0.8186775510053192
280.5317456089099,0.9468293561999404
282.10031336256816,0.9494714044837068
187.12585435262397,0.5645505047265044
130.2577997695152,0.3960495145370282
134.62271897871096,0.5155166969171646
274.1654225186295,0.9833332196185686
198.99746434726836,0.7096167342833891
246.45146590354938,0.8045490547497012
183.3724419934858,0.6571710787457871
181.73112982388008,0.629977429659462
211.03663155291372,0.7126242094042664
158.28169631175746,0.6180630094381697
200.41318392479596,0.6862811089113197
136.45191892310137,0.47064050400216606
130.3056216571535,0.45534101729914117
283.07516740991264,0.9539636230412222
234.65303133538808,0.7683901733312505
241.28442527871653,0.8134361501113491
296.3574899172155,0.9428935435150652
271.73754171718423,0.8910370159415062
167.50285016948828,0.5721286153381805
265.7453962371975,0.825771827731116
198.56710138178465,0.6276223141784978
266.82987894639774,0.9480744826423483
268.31837749055643,0.8987700042542535
101.45440772952576,0.3948867760156212
181.90283677488083,0.624380834562622
137.73257997758316,0.4621929686351727
226.18708651171875,0.7706275764145
114.98717881383654,0.3987967358353999
152.1245345441248,0.5844760153144128
116.8898431262776,0.4487722231717237
169.12549296024812,0.5982928382424927
147.56281644643826,0.5062881600779553
149.06940468321005,0.4900896299316067
110.63951131145281,0.3972231113136818
139.73447208965234,0.5309454749835097
216.15734960716478,0.7503935332300155
257.05062009992025,0.8735274553340451
140.96981777109565,0.4784298617968014
168.47540790844258,0.6157524513912019
117.72420699146586,0.4211229684451991
276.9560482264286,0.9169191768239967
133.30982886377444,0.479927680518483
295.22805838755914,0.9641805331610118
303.63531707075526,0.9705272304221886
293.0765496906944,0.9255975200040613
159.81989453533367,0.5388541707933132
143.0387108515425,0.470728724605949
215.0218150251394,0.6978609612783832
139.96424803924927,0.48191235340109706
240.6033313769658,0.8507171932366443
112.64345356062998,0.42671839065762357
200.3283895740741,0.6718839431940138
208.06305022224558,0.7039398222001602
250.0566558360644,0.8669979652868204
301.0360539420443,0.9821731248955465
155.1910867308538,0.5392745944800573
308.79556359505307,0.9703167351628935
135.4947486307021,0.4515915333404177
243.47787880106182,0.7857082280893116
85.8244394784769,0.40368415572181643
150.38356552706676,0.4799697458925977
267.28670294047043,0.9173971957740915
194.83914024042303,0.6664777729280101
133.23413541345826,0.47349224873830503
247.80127699202697,0.8199880256530769
211.88116204970865,0.7491176424087785
228.4686211470659,0.7892662045970387
141.83034440589472,0.47504491351027656
180.30227882233063,0.5894761716647247
102.24797387423628,0.386677816821146
111.22908378214116,0.4299741867739485
298.59859056636043,0.9821066206220175
194.15128574253924,0.6544247488116022
137.03144737614176,0.5241427856447168
158.0644356457472,0.6036491599126979
136.54442555840896,0.44932532768339994
122.69415693503728,0.3853314837879191
282.68866801952765,0.9071869988040517
214.6034402145192,0.7600522342200959
122.45936419872204,0.399921629460634
249.8689557010551,0.8513339285905304
141.87163295973747,0.4970546484081682
151.15122675324855,0.5448813907418611
169.36546134505306,0.5422979386422994
172.18447058783514,0.5646410624605471
124.54251254612548,0.47696808107554306
149.6647884173998,0.529959577923728
213.59626693293544,0.7269729422639154
198.54995040083267,0.667926481118666
174.69133304839744,0.6321384790941397
195.41278940488786,0.6260768317159541
213.15824073166164,0.7569937541770702
145.02530237952666,0.5569620712784115
238.49772892320075,0.8051542680961663
158.98324403383808,0.5683606763494523
117.92889092975078,0.3961612431493153
222.79584047784869,0.7621822061910605
228.79676962108476,0.7606838287333906
182.36417980048608,0.6527526227623742
145.88812814529575,0.47696448803135055
276.09361955325994,0.9519445226118095
188.38238586987134,0.61688970175421
290.6433350053436,0.9769421226230807
204.90263860416476,0.7111086028024485
200.51725672953532,0.7188702130416987
123.93484507391905,0.4612112823973897
171.08192891803122,0.5720866346191615
182.55296082211163,0.6890401441463249
283.53527011313605,0.9262462259266637
167.6066297253668,0.5741148850047759
102.32885663793495,0.39692777389678624
283.7583441595469,0.9034490140682659
244.5597743547976,0.9226758994262052
222.7479530772929,0.7365626776694981
130.35245261556855,0.4787937156407305
313.29694559558055,0.9971782871212189
262.2863086308603,0.856710945642491
249.52401512406905,0.8740579418231507
131.2810747541171,0.44262685821611225
268.31576556931725,0.8922911520046877
115.29166489375255,0.4370263863109062
216.98647037286182,0.7417755240956135
156.09227031193163,0.5846741037479174
215.5354701832772,0.7305055650468917
241.87954682752334,0.8243901878126502
182.4285730509043,0.6272174817913906
230.0080870725366,0.837860258383119
162.9847595148663,0.5861926781269141
303.5981624733127,0.972682476884204
264.00983757772707,0.8842753351354117
196.9606580428865,0.6672896115021988
113.26014336422614,0.46773763010349123
289.45031250576545,0.9649237707905579
256.8539447590131,0.854570656042895
225.1233474685872,0.7276142289128957
144.8898399349796,0.5074079011230616
220.7377509748177,0.687180976147463
289.22415580196554,0.964262098847548
184.0181737774993,0.6245763476319165
113.59465648011471,0.43550979291894626
139.95426314817587,0.5091325349521539
209.09283475516054,0.6851118673270876
243.25849490535305,0.7981050045907795
106.69790157536795,0.42930020876577524
181.91237518985318,0.6339159279636001
270.60760104424077,0.8735312994450103
122.36131010661506,0.42540526347446267
112.29001742032241,0.43556305448625376
109.60388149995072,0.4252282826989311
138.90107409621885,0.5207005257892953
124.04061922864065,0.4542653370792355
162.96357798146542,0.5484502625487361
196.67808969987507,0.6785107255166806
176.8083971878791,0.5857524466069884
262.4591922305249,0.8938937492044181
138.49594934705408,0.4680031767960815
253.57767672977593,0.8394103571766515
235.89052900375253,0.7819568852829909
161.64198990003848,0.5630645953165055
274.4332802345723,0.938578832483448
127.7723247439861,0.44773117701568516
121.39425130868212,0.36846608628975996
290.2831669749371,0.983901062285372
132.9155328599733,0.4407722740293275
270.332730490042,0.8946210017429095
271.7777424275549,0.916227593365723
196.87423387796423,0.7368903029353987
199.93995930401985,0.6410085407956791
271.11572358791045,0.9527439185201453
178.37892115388027,0.550374118483731
118.96408681967736,0.4172311270765387
227.60108149816298,0.7795931851796711
110.28858001034921,0.41528774898014154
138.03520620368008,0.48122927312462976
87.18481156162875,0.3728587901355541
196.2742860027925,0.6937205603332484
245.01761852996518,0.8708494978988425
301.21102013728574,0.9828806044721244
295.56346951998825,0.9344392595244939
193.37265189504845,0.6431959114999277
100.5182485782188,0.381432776044824
228.18159820141338,0.8187689944584493
263.98987827965135,0.8531237319273708
120.74204841588785,0.4807879320498833
245.37131271999863,0.8666460553530981
270.1206980749903,0.8879528725110728
181.7603983408986,0.644892307748934
229.83432958296683,0.7509825054859193
232.45846328283204,0.792279424176927
158.84605735603557,0.5752127187888801
162.6619044049901,0.593275405842819
175.2432426150168,0.5867838063048333
121.68951664040695,0.4531946794036111
227.03244901318735,0.7760240502043181
138.2265048362959,0.5353168295567298
237.30638508616934,0.7885875908071992
239.4957451536636,0.7697733930386972
209.07579467124245,0.69338928976248
129.17868301046914,0.4278649326278665
185.8089469801895,0.6505180989300794
232.06312653367473,0.7465056923201571
270.33675740886355,0.9287373925937412
123.3917301224023,0.4463498652436432
100.25427778924687,0.37174599766256616
280.83054398664444,0.9405966819810155
250.66058725936665,0.8612647078328666
271.0901056860613,0.9212233027813138
250.7044459615183,0.8277421144722065
147.1432155523259,0.47756616995310536
148.9816153789463,0.5624055998797773
199.67544572837585,0.7092324999850039
290.8831227872625,0.959760889561252
159.78626008645617,0.5709117675368824
133.9318808378085,0.49824510219414436
114.57539570333572,0.400269921195306
275.5200749460387,0.9354638053176946
218.35035680485186,0.8025276957909531
217.71047493520825,0.7348350240558683
190.57532681330505,0.6249462082419956
227.15544219098194,0.7593804610432823
238.69131423441533,0.8615168925152882
272.2940294481048,0.95434021605011
119.15797745772409,0.4995128663451413
229.10269806278126,0.7218326651249773
190.30022331163016,0.6773755592805336
251.87348270768143,0.9366856046424167
226.6385061946331,0.7556431532869711
277.31455125576514,0.920915828180298
254.93499873821594,0.8592265167435907
301.14006070797836,0.9766500851254489
237.7692097702173,0.8134028878047006
120.79006434024379,0.44629496440308714
203.0514411319862,0.7025378978338332
187.4986202803234,0.6175459792688837
178.70085526362448,0.6048068125399771
281.1740935167804,0.8951739849597058
194.27294859313253,0.6698803744776832
108.49177575900582,0.3883987987418715
172.74696962722246,0.5944701137970806
114.11746101445193,0.4056901316502635
114.93966423877838,0.4057019302584528
174.33368751603234,0.6571625006077615
293.43834070172085,0.9344512210226028
189.32819262322136,0.6653839788702159
190.50715347499101,0.6761134560777472
315.6209967954775,0.9850627223807785
133.2282685759162,0.4416031739003424
263.8983154303379,0.9074086757185358
279.98633473395773,0.9639963369046285
180.51958350833883,0.5216768161742514
160.99803373632096,0.5523565445526483
298.47691389383783,0.9975629687597366
252.9332484012293,0.886232831427693
292.67451236415116,0.9322331628758193
179.8890117687703,0.6136722998580214
223.41384240966192,0.7435314410673324
278.9458012134622,0.9515117903540699
292.38073020087387,0.9769170978926681
251.6244750432677,0.810241132718131
226.989835474424,0.7494037423590019
138.9036211733559,0.5240700859094584
113.78562860917306,0.38784266632265
251.03939764972083,0.8010861153374927
203.72654455529076,0.7233330749122894
241.102671759393,0.838587641458849
252.6631996653111,0.8280331713184317
122.62543284295747,0.41809639798679354
104.02462803263465,0.3824138152168007
142.12757200352303,0.5169086145888288
158.29265804584512,0.5826049330168706
204.87417792115374,0.7881922829686457
139.8740113021831,0.4769226122339253
275.1224308454768,0.9774242446037178
275.942733158598,0.9470661095758957
269.63328896953595,0.8585477628862411
152.76145367568296,0.5354555651838656
164.23480164307944,0.5237349556761584
162.0285111626476,0.5514415533999533
109.18765872788316,0.4354451685952911
162.15106361620892,0.5841291748067496
204.95108948667794,0.6777855413442312
201.60562894650747,0.6476191933906026
259.8995372963363,0.8434426399186761
224.1864126657608,0.7569971238117936
224.48667761052363,0.8060469617002936
114.14170364438623,0.4184431068195116
188.87159382356904,0.5981543468869017
191.63573061272345,0.6822068943904136
195.3493778523317,0.6590749581640046
162.826125392954,0.5398812924361414
154.53708187610815,0.5209464769551536
154.25867143332667,0.5549266158858318
250.97201262206283,0.8025793893908674
118.54534315793744,0.37011651424218633
158.23884646255493,0.5045919640328435
165.6356305769984,0.5609871255028708
206.40428127574404,0.7325800999321967
172.60640557069183,0.5861850864941145
106.02255235104532,0.3669514261555698
149.15102357822158,0.46277694373903194
222.24556783800648,0.7587032029130371
127.0846904809457,0.4386392636505161
219.74034141150875,0.7570557400921661
247.21491382158567,0.8556273436961027
171.93182087995356,0.5739299828595129
227.58251911587126,0.7607516509550395
145.34096169890097,0.5346613217115205
118.2161869093791,0.4162154720166967
229.13977704187695,0.7728883962096859
279.20192939175064,0.9488729087684972
184.094577345485,0.6720996867684819
224.76653668557213,0.7883751833881648
231.83223465863904,0.8025766019997213
84.77870237892162,0.3698860586710454
240.54310279464173,0.75899980469642
171.93556710983444,0.6380251005039552
206.07923434581159,0.6906109873354831
235.65313174269164,0.798831608695139
129.7212414051786,0.47179548932365517
193.01756582567347,0.6699542502274292
247.1156719901636,0.8493528776482717
134.1683853274646,0.4901653828865071
286.47065097110584,0.9553732040247901
172.8337279146305,0.6139184007236429
252.30795581418226,0.830296832106129
160.41752436694162,0.6198665596718492
122.0030089069844,0.432553019188992
193.58590140698828,0.6570683625358137
182.4039192071487,0.634829408953464
265.09003713648525,0.9165212352937945
96.55301218115599,0.41303273072147234
292.38488378578313,0.907758376335456
285.6633746135519,0.9301489565338283
269.5815970513517,0.8180424471563921
264.077895327357,0.9295739687293479
119.5147866945872,0.48502216854530117
134.38670540762163,0.47290401609392585
135.6737942167251,0.5619664390460175
225.3750762344223,0.781200057042219
240.96620219579756,0.7875304280419698
260.4150596415023,0.9266595517617656
254.59390468412576,0.8941778367108104
198.86487399093994,0.7013578886673165
95.3282187532636,0.4209902093089808
281.8099156726595,0.946266147514961
310.0548064144584,0.9854295655203427
103.13963659498508,0.3944914933417269
222.71493672535433,0.7583477478103987
149.93235483300995,0.5119724336259842
237.70009253662494,0.7960682124377453
257.2892733131719,0.8893214034176107
204.26756630652923,0.6214054976069886
205.10818458719015,0.7031744019170569
123.72652895227651,0.4480279484999018
120.91496090584319,0.4334535439496121
97.39336327500601,0.43700281369100613
239.34796504013826,0.8583852081839148
258.84180146490047,0.8708060185351986
176.83727723390712,0.5748234965911806
211.31691191487747,0.7461549506104811
87.94684754977582,0.37145137566309727
120.34284264038303,0.39328983986056376
198.4697952087412,0.6156631558213886
203.7225334492626,0.6884686721353152
150.83459875413905,0.5190642673805101
104.55027226372606,0.36585413241708864
166.0347261441779,0.5949880477536602
177.212014700017,0.6388108885898198
247.25678254996313,0.8389547547641749
136.84493026638052,0.5344138890842614
151.6142443743399,0.5393919581102843
158.1371461360268,0.5892886181036073
120.07023059103841,0.4803852795192991
222.54298849532645,0.7685147348733535
180.1102602473629,0.6220502954233673
189.2673224481436,0.6643053429002113
273.05903727514755,0.8550219313118833
160.0986671187816,0.5474636387963713
255.8375925671129,0.8869414620036311
292.7209104418505,0.9646363881811785
165.28809688670728,0.5297921687032325
235.4039837705233,0.7824760351019628
200.2578360378628,0.706626013725665
152.5580797831893,0.5357974130662543
172.02210630621263,0.552002857820218
199.5865298635624,0.6690430550210006
203.21451248223286,0.6927933763964018
218.5424162976552,0.7972147370470248
292.08094375033966,0.9186477198171786
224.3586827816778,0.7593430719764771
144.71973611277207,0.5652199424321535
234.6876529488419,0.8159275853621811
132.51062214906608,0.4736826144233526
238.79206239855543,0.7981590973073088
131.3699413679421,0.47589582316012174
174.07754747875816,0.5992032726426991
241.00248844568574,0.7864586825172245
276.41494782362236,0.9719716463831332
127.24153617312002,0.4429487290644179
264.5972212025354,0.8908329167524374
254.08728856836265,0.8611257599246952
268.46263527002077,0.8911246184890443
266.00772962349436,0.899054587847901
205.57759029770324,0.6988687856203492
216.1051713819466,0.7380170207666883
210.80326178828673,0.713130434030875
280.10883194473803,0.9462305781713671
284.69755858220907,0.9437034384468339
271.6207494434694,0.8881524959291529
242.70858370636827,0.8073453182283579
163.71304622678602,0.546772151494175
276.60738202995964,0.9578254085816833
172.11870017980118,0.6013492747421272
209.82145252174826,0.718643734556723
262.58795497280323,0.8684783753145341
228.25977564051715,0.7496507860169591
120.15148703616092,0.47481421140724633
309.7471365946957,0.9897643065622781
258.67301722644675,0.8706084372457025
220.77272489741426,0.7318684530879566
255.95380864452883,0.9022043806611963
130.94952301403958,0.4992401981296186
242.85221332087372,0.7806253101341861
292.9720588015156,0.9847179994601392
187.14732712842778,0.677303503813914
135.49339887104796,0.5018001905133794
281.27866009438486,0.9565363447263447
254.40144078520157,0.8739887931353862
251.30098906963536,0.8537710284460466
286.12798777450337,0.9831917644516178
140.45578699821425,0.5138764805951899
277.24019735971245,0.9722161555105558
228.2548715826088,0.7912439152478862
134.40816144000976,0.5051165272694256
152.31290245949458,0.49063813114265525
202.84921483924916,0.6633681961544181
114.73354719751333,0.43365723830853786
226.47135563929916,0.7522838326574958
146.0076932271007,0.529202838651674
175.9161169114937,0.6268501236397819
112.18683806918808,0.4418639759969101
109.7387329421908,0.37243630003634
271.38459563623786,0.9088468675243138
213.97648643818056,0.7612949016297996
206.85070330807406,0.7218126907956312
211.8548829528484,0.6936712034578485
118.59986147942426,0.40087448571023704
243.5015602348093,0.798866762948237
186.7818480085238,0.6419992301366677
109.38346179164355,0.369476850515922
261.96311866887686,0.8782908575601942
146.40385938732504,0.49885227510960195
249.87417568116427,0.8553720210315087
178.0073676006759,0.6067223306278446
225.5444040912383,0.7067009444135117
134.4499711633686,0.42512777614368596
213.31272559609917,0.7233635804928319
223.87603333798825,0.806073128242824
199.90695704722552,0.6663286616283568
242.02754428994385,0.8058641871363273
208.8140256712619,0.776519729527158
98.86479208929993,0.44102835482012204
113.60324761121755,0.4111411125585351
264.5633379084744,0.894809974307783
255.93675856019124,0.8445179459672989
241.7791538770027,0.8317803580378194
234.0095741935305,0.7945779197773829
183.01832087862405,0.6594554311122124
236.67191296770244,0.8415540158831952
127.25967015284273,0.452933778677948
291.6208637599342,0.9564632215167803
159.3489487784869,0.545103071029779
190.67068688823525,0.6135494836681145
256.8874250922814,0.8206277521942822
248.49848342350762,0.8096086964229545
180.97525080226967,0.6563921114413329
209.20613916591367,0.6808880574214168
171.78952129971663,0.5964970922197033
199.51766311619326,0.6728075799703673
197.08388265413527,0.6517730204938748
288.51065858419474,0.9618388897171871
134.33927702037923,0.503713169172491
189.56659970254913,0.6441508417508522
251.51798774680458,0.9070893918932801
287.29745019075904,0.9363925919533258
196.93304282760778,0.6340339839202217
243.1286521701567,0.8387113620877027
164.24621134578686,0.5981429375712766
110.03723387872563,0.41711708006698284
295.1596759896076,0.8881044139068532
229.2846286999297,0.7284301149970182
214.82832834580336,0.7477645435785221
239.90416103765938,0.8299988905430808
124.33902585605125,0.46356282016577116
304.19265921436926,0.9966179142735921
269.888879212812,0.8924234496788357
148.9116195650952,0.48827184364436965
144.02580229646142,0.47945322624444375
140.9624345314138,0.48756719353683015
142.5269002677776,0.49688993624909217
283.51408288334386,0.9850366817996727
234.01974582899638,0.7793913708788164
226.42389296352127,0.7373105351750311
194.3256108039616,0.671933627419353
285.27954985229246,0.896254424579337
190.2200464195195,0.6642813465067757
241.56148962421278,0.8301160430018546
166.7758151536681,0.5642830002742336
155.48136221378186,0.5915513276666304
119.28983526248538,0.4540134200284316
178.8273142217226,0.6009271802628635
140.0167318990052,0.46445380211027215
157.6456754203663,0.48580900513815944
145.28035834882218,0.5446053329893565
248.55199755160527,0.8891878113925326
292.4873125566639,0.9219583483847437
106.91732283462471,0.36891848206002276
119.318417515143,0.4217838795348068
126.36946521176203,0.43128821683885565
230.00370230066733,0.7983276886642254
238.91351566005005,0.849002657444861
146.02155947612414,0.46428969267661924
294.7092005797803,0.9986301041143557
265.43261027459374,0.9106111400026096
232.28452606877516,0.7635369358598
251.19892138860928,0.8519411609037726
176.2364995288578,0.6024159163857664
201.8782188596316,0.6347273481230571
278.15858247297206,0.914557525865911
139.12718439732643,0.5129334941569529
169.75281723689378,0.5874840147187034
184.0617313814898,0.6545203248191256
293.8343622149504,0.9451351876958405
133.94669681946866,0.4903473948734161
185.86844145830193,0.6523485712844237
213.29525317798095,0.7103122915627824
139.04833552709093,0.5156115236620482
146.21799795397783,0.510449469137548
292.5950082504304,0.9369314317868966
275.4355919107945,0.8974614595107714
210.40603812521158,0.6889372320396452
134.18319482053167,0.4654466199274561
169.03238422047744,0.5920849859568923
228.9074128954261,0.803431892980103
256.8839184777025,0.8678379726610299
135.90730299856406,0.48883931670036385
135.7367371088006,0.5130727240704072
130.8964294272612,0.46576744287462096
207.17401063570333,0.7291257913569333
288.18556882323946,0.9655327609595612
177.6537824323443,0.6489439770996647
124.1950306460087,0.3992995084920711
295.5862248562626,0.9124813204474073
149.76726310408017,0.5001441981937989
164.41190404195174,0.5724772401721459
152.79895549959483,0.5087621524230587
123.81796874544742,0.4619343944288772
100.87399934929945,0.45295706121986745
135.78962979395314,0.48823872620400655
231.82259923412977,0.8041366230557578
286.40610008020616,0.9705646195142321
268.908815137931,0.8983694685490623
244.2679917870257,0.7955209546523403
200.77991000660603,0.6654065854699405
157.16401430727038,0.6049834928062506
236.7556135920695,0.7751127508783949
208.53321829847582,0.6701852136210603
309.42672687130585,0.9760132656235316
167.81440338074793,0.5569107782657756
198.8610531078615,0.6604059457649133
197.44137343156058,0.6922558998058832
100.09754585306887,0.39040632348499854
253.30958311185827,0.8427024450446218
226.83851518983428,0.7813881297359109
249.4477319184388,0.8858581899684577
142.4040783358232,0.48339530932497154
100.21255556264697,0.3809738123062276
176.47293540299702,0.6660040658139735
197.92557783889825,0.6836932691404223
153.58090382894855,0.5238753700526629
174.51932025492604,0.6483739933071234
141.39141859969376,0.4733345143510131
145.67639214316125,0.5015307572964657
270.63074704755417,0.9105220247442313
97.12821455479127,0.4160811147822772
95.46212591455463,0.42405763148295683
112.46787649903922,0.40580498408869625
113.91015744156634,0.3910492206833734
283.7799060401783,0.9312331277049305
259.35629695864014,0.8351614018046768
275.379902525198,0.8930283080642537
261.64642418190834,0.9487255687091847
291.15692328654467,0.9735533693180053
254.57036225460183,0.9025907725671037
196.228044050189,0.6670880837635209
164.0798083409762,0.5082627974947824
139.3479689322679,0.45531535471254714
284.37347607621086,0.9714309704761981
172.24186078985986,0.6091938614344533
115.58773992952574,0.3761979543880081
238.38401969455558,0.7899817794353433
133.63441488743248,0.4640886303760681
111.52235414923486,0.39846575525178285
260.6909431482281,0.8974085017917013
224.578108791191,0.75043491118052
229.09887285709942,0.8015658374837584
202.0576734450495,0.6640072706065017
195.88813064329875,0.6936515858024752
244.9546936505653,0.8395835555845507
240.36608257884922,0.8333169985461073
150.87647621219924,0.5188066852552069
212.51837359114782,0.7185377072040356
150.37514431741215,0.5181732545163942
228.35899552500612,0.7717930424840493
196.9576812232427,0.6856329488144437
165.28063014417245,0.5676797798411971
160.83845034469894,0.5657070749540206
240.37135453953553,0.861992880831494
111.64094603276429,0.40090762060391133
192.01118614241722,0.6631818015022398
94.46553128529641,0.3790163350589546
119.00986148961869,0.4254583495019512
128.19558773422273,0.4677576971255162
243.72874231099453,0.8279116723277117
179.08807000479337,0.5908364556628393
181.16058573082356,0.5965079004867401
247.85168803703664,0.8534549057824468
201.22121062027878,0.6956955514105538
189.00011948874496,0.6393357239489224
243.36667984010296,0.8070801936366322
119.79777128786787,0.4486575325132034
98.65582252942738,0.38104871630491155
211.73977191038855,0.7154023473348071
176.71643102626086,0.6463743851066026
230.94746026999562,0.813422952777816
154.00927125535756,0.5093505692574334
238.1489257375798,0.84444319034894
269.00435159351673,0.8684371417735945
127.98112926394506,0.4192737232964949
223.72817896217086,0.7105306518632768
245.01044656643188,0.8730369041775173
207.5463192936188,0.6798391660648139
178.3437614252109,0.6483735533751573
127.23280402233313,0.4971289654305329
238.62101454640458,0.8572195321345869
183.11938954745548,0.6100757013307442
302.54857358809824,0.9870443901153557
282.7939111652014,0.9865573506876808
127.37224625752283,0.5093930675277158
279.2108088944688,0.8791877723867157
135.2993025040827,0.46879842005067623
127.29695712818159,0.4647002105731789
219.4283981395476,0.7608367870069954
286.2805400215708,0.978086464566925
219.9482222439317,0.7266043759456668
153.4591289521711,0.48103406781686625
82.40473813273229,0.40496710884016907
209.80494860284773,0.704647449809667
278.22165016231304,0.9402515305345999
223.37707265428816,0.7582829448669081
88.0429227257506,0.3798639132680408
151.0612629181007,0.5127539506978658
133.44861110613704,0.4656096069636056
168.93184501874424,0.5845258967805216
280.64573663596684,0.9744392425826084
110.26524223116499,0.3724602341972198
115.96598425303688,0.43050819898854714
125.03225737852105,0.45529832398331566
183.03947543944884,0.6744868366221827
142.85114622255315,0.5095035242472621
113.89666779891174,0.40291598344273183
219.99212351324695,0.735776843435105
279.71958750784177,0.9134258324267325
257.7968376205803,0.8981110928519942
132.37165907451984,0.4587976933517149
132.62789577237163,0.4123684483642262
215.23598934334137,0.7006195525765606
172.42536914318464,0.6002544354214063
99.61166544001941,0.38375343079361757
204.46378215312748,0.7321268123987229
185.1561444361857,0.5491136216787221
153.5418887613296,0.5660195033840755
215.39321612623993,0.7871392653363061
256.79016232328865,0.8830545596724481
218.00259542003303,0.7317815280287024
222.35412750728733,0.663130579462107
229.11639538923228,0.7487417763941806
252.30825621502427,0.8770930637106974
185.41496612257492,0.6442871493509804
253.31907925523765,0.8782519260794295
235.3284375730796,0.7368451229555053
231.07392048766522,0.7291366900135219
161.72138389322586,0.5675471739590721
218.34616277038356,0.7451805100724023
199.6386814889156,0.6481963211035847
209.58222679710022,0.7306373213876027
145.3879092683749,0.4865906744775047
220.46292080960325,0.7553881956973072
266.0304655153034,0.8743359483868303
303.12777040355996,0.9643103339792355
134.82011337429068,0.4413196212194381
200.75974955823017,0.6787635481767648
209.11439709637978,0.7164219552099581
219.56752995837647,0.7500445951751242
256.4953347482861,0.8770125619644519
137.35990813264777,0.4658055632163292
110.89261853692331,0.41746894309554144
114.61997317184257,0.44522795726515874
171.6589632652531,0.5867859292007408
124.52188452432038,0.44451187473921583
104.12382733648617,0.3822946234199536
292.9494770599429,0.9631537727260409
197.7186385971133,0.6576470808282211
183.24689188259597,0.5863118043798078
148.80663600526617,0.4736469556115007
269.1356641313274,0.8310928214712876
267.60082956840944,0.8659812686846922
103.93574600961593,0.40234999521981996
276.58759245764196,0.9425769299432237
131.89945059584235,0.48538750826476884
200.85806717422355,0.6686313053758354
294.50213975056005,0.9909846545690416
128.96396764450455,0.42329684080899355
240.13514441437692,0.7867893521028091
136.0231462719464,0.4495794210928125
230.44715276390053,0.7801644259234266
132.1567036145279,0.4736868761347589
128.9262647260861,0.45842489990631885
184.1810582941876,0.6246762426775633
201.41466504938094,0.6526479179929141
215.7510695707427,0.7309823402685321
277.0194729078224,0.9702162117667334
194.40148237417156,0.6949176938666228
162.03646773579234,0.5951436703266938
195.2957029739523,0.6900560852821832
299.1506722856581,0.9689799176250719
185.3510473130998,0.6767318918839893
103.13222797611265,0.4024880048524272
253.07172388025492,0.8787660600331686
111.23774551418448,0.40850082989959285
187.9156661601089,0.6267170465421268
132.7949348025128,0.47497496492730606
274.3330083137195,0.9144178832085077
291.0745532692215,0.982654972399154
285.7372358090546,0.9956206487978939
273.69103005725583,0.9495981929588985
189.93613545845201,0.650569865149488
240.7583260578748,0.8201036981871065
258.92712910277135,0.8375784996543896
258.0165952262584,0.8527868637536444
230.25341459715088,0.7498301088536353
227.6446433028907,0.8079827011257995
125.81064995969277,0.4605454197038973
124.02858754826113,0.4626102664750492
270.447645456171,0.9212123297419024
300.2256235252303,0.9804260506070899
177.37141435511884,0.6419196083501774
170.45181471164113,0.5428272151748563
288.77233241221205,0.9631017245170636
150.60154256974658,0.5421660857470753
155.62009359745332,0.5578085133653196
147.7749425767116,0.45829783300833404
104.57153519709772,0.3893901792297916
